{"stat.walkOneCm":116124,"stat.pickup.minecraft.stick":35,"stat.useItem.minecraft.iron_axe":9,"stat.killEntity.magma_monster":2,"stat.leaveGame":4,"stat.pickup.minecraft.gravel":12,"stat.drop.minecraft.rotten_flesh":1,"stat.pickup.minecraft.arrow":2,"stat.useItem.minecraft.log":1,"stat.craftItem.minecraft.crafting_table":1,"stat.furnaceInteraction":6,"stat.drop.spartanweaponry.greatsword_stone":1,"stat.useItem.minecraft.cooked_porkchop":21,"stat.craftItem.minecraft.iron_axe":1,"stat.craftItem.spartanweaponry.material":2,"stat.pickup.minecraft.leather_chestplate":1,"stat.mineBlock.minecraft.coal_ore":4,"stat.pickup.minecraft.string":2,"stat.craftItem.spartanweaponry.greatsword_stone":1,"stat.drop.minecraft.cooked_porkchop":17,"stat.jump":593,"stat.pickup.minecraft.coal":4,"stat.fallOneCm":18473,"stat.craftItem.minecraft.shield":1,"stat.pickup.minecraft.beef":7,"stat.pickup.minecraft.cooked_porkchop":12,"stat.useItem.minecraft.stone_axe":67,"stat.craftItem.minecraft.stone_slab2":0,"stat.pickup.minecraft.porkchop":65,"stat.pickup.minecraft.stone":1,"stat.crouchOneCm":692,"stat.pickup.minecraft.chicken":1,"stat.pickup.minecraft.blaze_powder":1,"stat.craftItem.minecraft.iron_ingot":14,"stat.pickup.minecraft.sapling":3,"stat.killEntity.mutantbeasts.mutant_zombie":1,"stat.pickup.minecraft.dirt":23,"stat.sprintOneCm":84236,"stat.useItem.minecraft.stone_slab2":10,"stat.craftItem.minecraft.stick":8,"stat.pickup.minecraft.iron_ore":16,"stat.craftingTableInteraction":8,"stat.pickup.minecraft.rotten_flesh":7,"stat.pickup.mutantbeasts.hulk_hammer":1,"stat.killEntity.Skeleton":1,"stat.craftItem.minecraft.furnace":1,"stat.killEntity.magma_monster_grunt":1,"stat.craftItem.minecraft.planks":120,"stat.damageTaken":1776,"stat.pickup.minecraft.leather":5,"stat.mineBlock.minecraft.torch":1,"stat.mineBlock.minecraft.red_flower":1,"stat.pickup.spartanweaponry.greatsword_stone":1,"stat.pickup.minecraft.cobblestone":21,"stat.mobKills":42,"stat.mineBlock.minecraft.log":1,"stat.pickup.minecraft.planks":62,"stat.flyOneCm":66484,"stat.pickup.minecraft.bed":1,"stat.drop":55,"stat.pickup.minecraft.wheat_seeds":1,"stat.mineBlock.minecraft.leaves":1,"stat.playOneMinute":154032,"stat.pickup.minecraft.torch":1,"stat.useItem.minecraft.stone_pickaxe":45,"stat.killEntity.Sheep":2,"stat.pickup.minecraft.red_flower":1,"stat.sneakTime":437,"stat.useItem.minecraft.stone_sword":66,"stat.craftItem.minecraft.iron_pickaxe":1,"stat.pickup.minecraft.wool":2,"stat.damageDealt":7529,"stat.mineBlock.minecraft.iron_ore":16,"stat.killEntity.Zombie":10,"stat.timeSinceDeath":154032,"stat.drop.minecraft.torch":1,"stat.killEntity.Cow":4,"stat.drop.minecraft.log":34,"stat.mineBlock.minecraft.dirt":7,"stat.drop.mutantbeasts.hulk_hammer":1,"stat.mineBlock.minecraft.stone":25,"stat.killEntity.Pig":21,"stat.mineBlock.minecraft.tallgrass":13,"stat.pickup.minecraft.mutton":4,"stat.craftItem.minecraft.iron_sword":1}