{"stat.cakeSlicesEaten":3,"stat.pickup.minecraft.bone":2,"stat.useItem.minecraft.iron_axe":104,"stat.leaveGame":9,"stat.pickup.minecraft.stone_pickaxe":1,"stat.pickup.minecraft.flint":3,"stat.craftItem.minecraft.iron_axe":2,"stat.pickup.minecraft.leather_chestplate":5,"stat.drop.minecraft.shield":2,"stat.craftItem.spartanweaponry.greatsword_stone":1,"stat.swimOneCm":26826,"stat.craftItem.minecraft.shield":6,"stat.useItem.minecraft.planks":42,"stat.mineBlock.minecraft.spruce_stairs":1,"stat.pickup.minecraft.cooked_porkchop":276,"stat.pickup.minecraft.porkchop":249,"stat.pickup.minecraft.blaze_powder":4,"stat.useItem.minecraft.dirt":2,"stat.useItem.minecraft.stone_slab2":30,"stat.pickup.minecraft.rotten_flesh":22,"stat.pickup.minecraft.sand":2,"stat.craftItem.minecraft.furnace":2,"stat.craftItem.minecraft.iron_boots":1,"stat.pickup.minecraft.anvil":1,"stat.useItem.minecraft.iron_ore":1,"stat.craftItem.minecraft.cooked_beef":16,"stat.pickup.spartanweaponry.greatsword_stone":5,"stat.pickup.minecraft.cobblestone":65,"stat.pickup.spartanweaponry.katana_iron":5,"stat.pickup.minecraft.leather_boots":1,"stat.flyOneCm":484140,"stat.pickup.minecraft.glass_bottle":1,"stat.pickup.mowziesmobs.barakoa_mask_misery":3,"stat.killEntity.Witch":1,"stat.pickup.spartanweaponry.caestus":1,"stat.mineBlock.minecraft.iron_ore":37,"stat.timeSinceDeath":75070,"stat.hopperInspected":1,"stat.drop.minecraft.log":34,"stat.useItem.minecraft.iron_pickaxe":61,"stat.pickup.minecraft.mutton":40,"stat.craftItem.minecraft.bed":2,"stat.pickup.minecraft.chainmail_helmet":1,"stat.pickup.minecraft.stonebrick":4,"stat.furnaceInteraction":36,"stat.drop.spartanweaponry.greatsword_stone":1,"stat.useItem.minecraft.cooked_porkchop":73,"stat.craftItem.spartanweaponry.material":2,"stat.mineBlock.minecraft.coal_ore":4,"stat.pickup.minecraft.shield":2,"stat.killEntity.Creeper":1,"stat.pickup.minecraft.string":13,"stat.pickup.minecraft.beef":88,"stat.pickup.minecraft.furnace":8,"stat.craftItem.minecraft.stone_slab2":0,"stat.pickup.minecraft.hay_block":1,"stat.pickup.minecraft.leather_helmet":1,"stat.killEntity.mutantbeasts.mutant_zombie":1,"stat.sprintOneCm":385471,"stat.entityKilledBy.magma_monster_grunt":1,"stat.craftItem.minecraft.stick":16,"stat.pickup.minecraft.potion":1,"stat.pickup.mowziesmobs.barakoa_mask_fear":1,"stat.mineBlock.minecraft.crafting_table":1,"stat.pickup.minecraft.leather_leggings":3,"stat.pickup.minecraft.sugar":3,"stat.deaths":5,"stat.mineBlock.minecraft.planks":3,"stat.drop":60,"stat.playOneMinute":243602,"stat.killEntity.Sheep":29,"stat.entityKilledBy.mutantbeasts.mutant_creeper":4,"stat.craftItem.minecraft.iron_pickaxe":2,"stat.killEntity.Zombie":14,"stat.drop.minecraft.bread":2,"stat.pickup.minecraft.iron_bars":4,"stat.drop.minecraft.torch":1,"stat.drop.minecraft.glass_bottle":1,"stat.mineBlock.minecraft.tallgrass":86,"stat.diveOneCm":31154,"stat.chestOpened":45,"stat.pickup.minecraft.gravel":25,"stat.pickup.minecraft.arrow":8,"stat.pickup.minecraft.iron_sword":4,"stat.mineBlock.minecraft.anvil":1,"stat.pickup.minecraft.obsidian":8,"stat.useItem.minecraft.potion":1,"stat.drop.minecraft.cooked_porkchop":17,"stat.jump":2428,"stat.pickup.minecraft.coal":44,"stat.fallOneCm":71884,"stat.pickup.minecraft.iron_ingot":11,"stat.useItem.minecraft.stone_axe":67,"stat.pickup.minecraft.gunpowder":1,"stat.craftItem.minecraft.bread":3,"stat.crouchOneCm":4614,"stat.pickup.minecraft.spider_eye":3,"stat.craftItem.minecraft.iron_ingot":35,"stat.craftItem.minecraft.torch":4,"stat.craftItem.minecraft.chest":8,"stat.pickup.minecraft.dirt":248,"stat.pickup.minecraft.iron_ore":37,"stat.craftingTableInteraction":26,"stat.dropperInspected":2,"stat.mineBlock.minecraft.iron_bars":8,"stat.pickup.minecraft.iron_axe":4,"stat.damageTaken":7636,"stat.pickup.minecraft.leather":35,"stat.mineBlock.minecraft.torch":3,"stat.mineBlock.minecraft.red_flower":7,"stat.craftItem.spartanweaponry.katana_iron":1,"stat.pickup.minecraft.magma_cream":4,"stat.useItem.spartanweaponry.greatsword_stone":90,"stat.pickup.minecraft.dye":3,"stat.pickup.minecraft.planks":441,"stat.pickup.minecraft.reeds":2,"stat.useItem.spartanweaponry.caestus":2,"stat.pickup.minecraft.bed":3,"stat.pickup.minecraft.wheat_seeds":33,"stat.mineBlock.minecraft.gravel":1,"stat.useItem.minecraft.stone_pickaxe":45,"stat.useItem.minecraft.stone_sword":154,"stat.craftItem.minecraft.iron_leggings":1,"stat.damageDealt":20657,"stat.sleepInBed":3,"stat.killEntity.Cow":26,"stat.mineBlock.minecraft.dirt":13,"stat.drop.mutantbeasts.hulk_hammer":1,"stat.killEntity.Pig":28,"stat.craftItem.minecraft.iron_sword":1,"stat.walkOneCm":438614,"stat.useItem.minecraft.torch":8,"stat.useItem.minecraft.chest":6,"stat.pickup.minecraft.stick":38,"stat.killEntity.magma_monster":7,"stat.drop.minecraft.rotten_flesh":1,"stat.useItem.minecraft.log":2,"stat.pickup.minecraft.crafting_table":1,"stat.craftItem.minecraft.crafting_table":5,"stat.useItem.minecraft.gravel":7,"stat.pickup.minecraft.log":260,"stat.craftItem.minecraft.wheat":9,"stat.pickup.minecraft.iron_pickaxe":5,"stat.pickup.minecraft.stone":6,"stat.craftItem.minecraft.iron_chestplate":1,"stat.pickup.minecraft.chicken":5,"stat.pickup.minecraft.sapling":6,"stat.pickup.mutantbeasts.hulk_hammer":2,"stat.killEntity.Skeleton":2,"stat.killEntity.magma_monster_grunt":4,"stat.mineBlock.minecraft.stonebrick":3,"stat.craftItem.minecraft.planks":376,"stat.useItem.minecraft.iron_sword":79,"stat.useItem.mutantbeasts.hulk_hammer":11,"stat.useItem.spartanweaponry.katana_iron":22,"stat.killEntity.Spider":13,"stat.pickup.minecraft.stone_sword":4,"stat.mobKills":143,"stat.mineBlock.minecraft.log":1,"stat.pickup.mowziesmobs.barakoa_mask_bliss":1,"stat.mineBlock.minecraft.leaves":4,"stat.pickup.minecraft.torch":19,"stat.pickup.minecraft.red_flower":11,"stat.sneakTime":1908,"stat.pickup.minecraft.wool":38,"stat.mineBlock.minecraft.hay_block":1,"stat.mineBlock.minecraft.stone":43}