{"stat.leaveGame":12,"stat.craftItem.minecraft.iron_axe":2,"stat.drop.minecraft.shield":2,"stat.craftItem.spartanweaponry.greatsword_stone":1,"stat.craftItem.minecraft.shield":6,"stat.useItem.minecraft.planks":55,"stat.pickup.minecraft.porkchop":249,"stat.pickup.minecraft.blaze_powder":4,"stat.pickup.minecraft.rotten_flesh":31,"stat.pickup.minecraft.sand":2,"stat.pickup.spartanweaponry.greatsword_stone":6,"stat.pickup.spartanweaponry.katana_iron":5,"stat.pickup.minecraft.leather_boots":3,"stat.pickup.mowziesmobs.barakoa_mask_misery":3,"stat.killEntity.Witch":1,"stat.hopperInspected":1,"stat.useItem.minecraft.iron_pickaxe":104,"stat.craftItem.minecraft.bed":2,"stat.furnaceInteraction":36,"stat.craftItem.spartanweaponry.material":2,"stat.pickup.minecraft.beef":88,"stat.pickup.minecraft.furnace":8,"stat.pickup.minecraft.hay_block":1,"stat.pickup.minecraft.leather_helmet":1,"stat.pickup.minecraft.potion":5,"stat.deaths":8,"stat.pickup.minecraft.egg":1,"stat.playOneMinute":277489,"stat.craftItem.minecraft.iron_pickaxe":2,"stat.pickup.minecraft.iron_bars":14,"stat.drop.minecraft.torch":1,"stat.drop.minecraft.glass_bottle":1,"stat.mineBlock.minecraft.tallgrass":86,"stat.chestOpened":66,"stat.recordPlayed":3,"stat.pickup.minecraft.arrow":26,"stat.pickup.minecraft.iron_sword":6,"stat.fallOneCm":82403,"stat.crouchOneCm":9576,"stat.craftItem.minecraft.iron_ingot":35,"stat.craftItem.minecraft.chest":12,"stat.drop.minecraft.book":3,"stat.craftingTableInteraction":33,"stat.dropperInspected":2,"stat.pickup.minecraft.dye":3,"stat.pickup.minecraft.planks":444,"stat.useItem.spartanweaponry.caestus":2,"stat.pickup.minecraft.wheat_seeds":33,"stat.mineBlock.minecraft.gravel":1,"stat.useItem.minecraft.stone_pickaxe":45,"stat.useItem.minecraft.stone_sword":154,"stat.craftItem.minecraft.iron_leggings":2,"stat.mineBlock.minecraft.dirt":13,"stat.drop.mutantbeasts.hulk_hammer":1,"stat.pickup.minecraft.chainmail_boots":1,"stat.useItem.minecraft.torch":29,"stat.drop.minecraft.rotten_flesh":1,"stat.useItem.minecraft.log":3,"stat.pickup.minecraft.crafting_table":2,"stat.useItem.minecraft.cobblestone":5,"stat.craftItem.minecraft.crafting_table":6,"stat.useItem.minecraft.gravel":7,"stat.pickup.minecraft.log":365,"stat.pickup.minecraft.iron_pickaxe":6,"stat.drop.minecraft.sapling":1,"stat.pickup.minecraft.chicken":5,"stat.pickup.minecraft.sapling":7,"stat.entityKilledBy.Enderman":1,"stat.craftItem.minecraft.planks":544,"stat.useItem.minecraft.iron_sword":202,"stat.useItem.mutantbeasts.hulk_hammer":11,"stat.useItem.spartanweaponry.katana_iron":22,"stat.pickup.minecraft.stone_sword":4,"stat.pickup.minecraft.book":3,"stat.mineBlock.minecraft.log":45,"stat.pickup.minecraft.iron_door":2,"stat.pickup.minecraft.red_flower":11,"stat.sneakTime":4041,"stat.pickup.minecraft.wool":38,"stat.mineBlock.minecraft.jukebox":1,"stat.cakeSlicesEaten":3,"stat.pickup.minecraft.bone":35,"stat.useItem.minecraft.iron_axe":161,"stat.pickup.minecraft.stone_pickaxe":1,"stat.pickup.minecraft.flint":3,"stat.pickup.minecraft.leather_chestplate":7,"stat.swimOneCm":26860,"stat.pickup.minecraft.enchanted_book":3,"stat.mineBlock.minecraft.spruce_stairs":1,"stat.drop.minecraft.cobblestone":5,"stat.pickup.minecraft.cooked_porkchop":336,"stat.useItem.minecraft.dirt":2,"stat.useItem.minecraft.stone_slab2":44,"stat.pickup.minecraft.bow":1,"stat.craftItem.minecraft.furnace":2,"stat.useItem.minecraft.egg":1,"stat.craftItem.minecraft.iron_boots":2,"stat.pickup.minecraft.anvil":4,"stat.useItem.minecraft.iron_ore":1,"stat.craftItem.minecraft.cooked_beef":16,"stat.pickup.minecraft.cobblestone":103,"stat.pickup.minecraft.record_chirp":4,"stat.mineBlock.minecraft.carpet":1,"stat.flyOneCm":579029,"stat.pickup.minecraft.glass_bottle":1,"stat.pickup.spartanweaponry.caestus":1,"stat.mineBlock.minecraft.iron_ore":43,"stat.timeSinceDeath":1465,"stat.drop.minecraft.log":34,"stat.pickup.minecraft.mutton":40,"stat.killEntity.Bat":1,"stat.pickup.minecraft.chainmail_helmet":3,"stat.pickup.minecraft.nether_wart":4,"stat.pickup.minecraft.stonebrick":12,"stat.drop.spartanweaponry.greatsword_stone":1,"stat.useItem.minecraft.cooked_porkchop":86,"stat.mineBlock.minecraft.coal_ore":4,"stat.pickup.minecraft.shield":3,"stat.killEntity.Creeper":1,"stat.pickup.minecraft.string":29,"stat.craftItem.minecraft.stone_slab2":0,"stat.useItem.minecraft.written_book":1,"stat.killEntity.mutantbeasts.mutant_zombie":1,"stat.sprintOneCm":561404,"stat.pickup.minecraft.paper":1,"stat.entityKilledBy.magma_monster_grunt":1,"stat.craftItem.minecraft.stick":16,"stat.pickup.mowziesmobs.barakoa_mask_fear":1,"stat.mineBlock.minecraft.crafting_table":2,"stat.pickup.minecraft.leather_leggings":4,"stat.pickup.minecraft.sugar":3,"stat.mineBlock.minecraft.planks":3,"stat.drop":73,"stat.pickup.minecraft.jukebox":2,"stat.killEntity.Sheep":29,"stat.entityKilledBy.mutantbeasts.mutant_creeper":4,"stat.drop.minecraft.iron_boots":1,"stat.killEntity.Zombie":21,"stat.drop.minecraft.bread":2,"stat.diveOneCm":31154,"stat.drop.minecraft.nether_wart":2,"stat.pickup.minecraft.gravel":25,"stat.mineBlock.minecraft.anvil":4,"stat.pickup.minecraft.obsidian":8,"stat.useItem.minecraft.potion":1,"stat.drop.minecraft.cooked_porkchop":17,"stat.jump":2803,"stat.pickup.minecraft.coal":52,"stat.pickup.minecraft.iron_ingot":111,"stat.useItem.minecraft.stone_axe":67,"stat.pickup.minecraft.gunpowder":5,"stat.craftItem.minecraft.bread":3,"stat.pickup.minecraft.spider_eye":4,"stat.craftItem.minecraft.torch":4,"stat.pickup.minecraft.dirt":248,"stat.craftItem.minecraft.iron_helmet":1,"stat.pickup.minecraft.iron_ore":43,"stat.mineBlock.minecraft.iron_bars":10,"stat.pickup.minecraft.iron_axe":4,"stat.damageTaken":9548,"stat.pickup.minecraft.leather":36,"stat.mineBlock.minecraft.torch":3,"stat.mineBlock.minecraft.red_flower":7,"stat.craftItem.spartanweaponry.katana_iron":1,"stat.pickup.minecraft.magma_cream":4,"stat.useItem.spartanweaponry.greatsword_stone":120,"stat.pickup.minecraft.reeds":2,"stat.pickup.minecraft.bed":3,"stat.entityKilledBy.Zombie":1,"stat.damageDealt":24209,"stat.sleepInBed":3,"stat.killEntity.Cow":26,"stat.killEntity.Pig":28,"stat.craftItem.minecraft.iron_sword":1,"stat.walkOneCm":555508,"stat.useItem.minecraft.chest":9,"stat.pickup.minecraft.stick":45,"stat.killEntity.magma_monster":7,"stat.craftItem.minecraft.wheat":9,"stat.drop.minecraft.leather_chestplate":1,"stat.pickup.minecraft.stone":9,"stat.craftItem.minecraft.iron_chestplate":2,"stat.pickup.mutantbeasts.hulk_hammer":2,"stat.killEntity.Skeleton":11,"stat.killEntity.magma_monster_grunt":4,"stat.mineBlock.minecraft.stonebrick":7,"stat.killEntity.Spider":18,"stat.pickup.minecraft.bread":5,"stat.mobKills":164,"stat.mineBlock.minecraft.bookshelf":1,"stat.pickup.mowziesmobs.barakoa_mask_bliss":1,"stat.entityKilledBy.Husk":1,"stat.mineBlock.minecraft.leaves":15,"stat.pickup.minecraft.torch":50,"stat.mineBlock.minecraft.hay_block":1,"stat.mineBlock.minecraft.stone":60}