{"stat.useItem.minecraft.iron_axe":17,"stat.pickup.minecraft.gravel":23,"stat.leaveGame":4,"stat.pickup.minecraft.arrow":8,"stat.pickup.minecraft.iron_sword":4,"stat.pickup.minecraft.flint":3,"stat.craftItem.minecraft.iron_axe":1,"stat.pickup.minecraft.leather_chestplate":5,"stat.pickup.minecraft.obsidian":8,"stat.craftItem.spartanweaponry.greatsword_stone":1,"stat.drop.minecraft.cooked_porkchop":17,"stat.jump":1524,"stat.swimOneCm":19399,"stat.pickup.minecraft.coal":44,"stat.fallOneCm":43512,"stat.craftItem.minecraft.shield":2,"stat.pickup.minecraft.iron_ingot":11,"stat.useItem.minecraft.planks":30,"stat.pickup.minecraft.cooked_porkchop":238,"stat.useItem.minecraft.stone_axe":67,"stat.pickup.minecraft.porkchop":249,"stat.pickup.minecraft.gunpowder":1,"stat.crouchOneCm":2720,"stat.pickup.minecraft.blaze_powder":4,"stat.pickup.minecraft.spider_eye":1,"stat.craftItem.minecraft.iron_ingot":28,"stat.craftItem.minecraft.torch":4,"stat.pickup.minecraft.dirt":243,"stat.useItem.minecraft.dirt":2,"stat.useItem.minecraft.stone_slab2":21,"stat.pickup.minecraft.iron_ore":34,"stat.craftingTableInteraction":17,"stat.pickup.minecraft.rotten_flesh":19,"stat.pickup.minecraft.sand":2,"stat.craftItem.minecraft.furnace":2,"stat.pickup.minecraft.iron_axe":4,"stat.damageTaken":4362,"stat.pickup.minecraft.leather":35,"stat.mineBlock.minecraft.torch":3,"stat.mineBlock.minecraft.red_flower":7,"stat.pickup.spartanweaponry.greatsword_stone":5,"stat.pickup.minecraft.cobblestone":62,"stat.craftItem.spartanweaponry.katana_iron":1,"stat.pickup.minecraft.magma_cream":4,"stat.useItem.spartanweaponry.greatsword_stone":58,"stat.pickup.spartanweaponry.katana_iron":5,"stat.pickup.minecraft.leather_boots":1,"stat.pickup.minecraft.dye":3,"stat.pickup.minecraft.planks":385,"stat.pickup.minecraft.reeds":2,"stat.useItem.spartanweaponry.caestus":2,"stat.flyOneCm":239106,"stat.pickup.minecraft.bed":2,"stat.pickup.minecraft.glass_bottle":1,"stat.pickup.minecraft.wheat_seeds":24,"stat.killEntity.Witch":1,"stat.pickup.spartanweaponry.caestus":1,"stat.useItem.minecraft.stone_pickaxe":45,"stat.useItem.minecraft.stone_sword":154,"stat.craftItem.minecraft.iron_leggings":1,"stat.damageDealt":14431,"stat.mineBlock.minecraft.iron_ore":34,"stat.sleepInBed":1,"stat.timeSinceDeath":21500,"stat.killEntity.Cow":26,"stat.drop.minecraft.log":34,"stat.mineBlock.minecraft.dirt":9,"stat.useItem.minecraft.iron_pickaxe":36,"stat.drop.mutantbeasts.hulk_hammer":1,"stat.killEntity.Pig":28,"stat.pickup.minecraft.mutton":40,"stat.craftItem.minecraft.iron_sword":1,"stat.walkOneCm":240050,"stat.useItem.minecraft.torch":2,"stat.pickup.minecraft.stick":38,"stat.killEntity.magma_monster":3,"stat.drop.minecraft.rotten_flesh":1,"stat.useItem.minecraft.log":2,"stat.pickup.minecraft.stonebrick":4,"stat.craftItem.minecraft.crafting_table":3,"stat.furnaceInteraction":24,"stat.drop.spartanweaponry.greatsword_stone":1,"stat.useItem.minecraft.gravel":7,"stat.useItem.minecraft.cooked_porkchop":37,"stat.craftItem.spartanweaponry.material":2,"stat.mineBlock.minecraft.coal_ore":4,"stat.pickup.minecraft.shield":2,"stat.killEntity.Creeper":1,"stat.pickup.minecraft.string":4,"stat.pickup.minecraft.log":260,"stat.pickup.minecraft.beef":88,"stat.pickup.minecraft.iron_pickaxe":5,"stat.pickup.minecraft.furnace":8,"stat.craftItem.minecraft.stone_slab2":0,"stat.pickup.minecraft.stone":6,"stat.craftItem.minecraft.iron_chestplate":1,"stat.pickup.minecraft.chicken":5,"stat.pickup.minecraft.leather_helmet":1,"stat.pickup.minecraft.sapling":6,"stat.killEntity.mutantbeasts.mutant_zombie":1,"stat.sprintOneCm":217775,"stat.entityKilledBy.magma_monster_grunt":1,"stat.craftItem.minecraft.stick":8,"stat.pickup.mutantbeasts.hulk_hammer":2,"stat.killEntity.Skeleton":1,"stat.killEntity.magma_monster_grunt":2,"stat.mineBlock.minecraft.stonebrick":3,"stat.craftItem.minecraft.planks":148,"stat.useItem.minecraft.iron_sword":23,"stat.useItem.mutantbeasts.hulk_hammer":11,"stat.useItem.spartanweaponry.katana_iron":8,"stat.killEntity.Spider":1,"stat.pickup.minecraft.stone_sword":4,"stat.mobKills":106,"stat.pickup.minecraft.leather_leggings":3,"stat.mineBlock.minecraft.log":1,"stat.pickup.minecraft.sugar":3,"stat.deaths":5,"stat.mineBlock.minecraft.planks":1,"stat.drop":55,"stat.mineBlock.minecraft.leaves":4,"stat.playOneMinute":190032,"stat.pickup.minecraft.torch":2,"stat.killEntity.Sheep":29,"stat.pickup.minecraft.red_flower":11,"stat.entityKilledBy.mutantbeasts.mutant_creeper":4,"stat.sneakTime":1368,"stat.craftItem.minecraft.iron_pickaxe":1,"stat.pickup.minecraft.wool":38,"stat.killEntity.Zombie":12,"stat.drop.minecraft.torch":1,"stat.mineBlock.minecraft.stone":40,"stat.mineBlock.minecraft.tallgrass":35,"stat.diveOneCm":16402}