{"stat.walkOneCm":80281,"stat.pickup.minecraft.stick":35,"stat.leaveGame":4,"stat.pickup.minecraft.gravel":12,"stat.drop.minecraft.rotten_flesh":1,"stat.useItem.minecraft.log":1,"stat.useItem.minecraft.cooked_porkchop":19,"stat.pickup.minecraft.leather_chestplate":1,"stat.mineBlock.minecraft.coal_ore":4,"stat.drop.minecraft.cooked_porkchop":17,"stat.jump":432,"stat.pickup.minecraft.coal":4,"stat.fallOneCm":14918,"stat.pickup.minecraft.cooked_porkchop":12,"stat.useItem.minecraft.stone_axe":49,"stat.pickup.minecraft.porkchop":23,"stat.crouchOneCm":353,"stat.pickup.minecraft.chicken":1,"stat.pickup.minecraft.sapling":3,"stat.killEntity.mutantbeasts.mutant_zombie":1,"stat.pickup.minecraft.dirt":23,"stat.sprintOneCm":58458,"stat.useItem.minecraft.stone_slab2":7,"stat.pickup.minecraft.rotten_flesh":7,"stat.pickup.mutantbeasts.hulk_hammer":1,"stat.damageTaken":1651,"stat.mineBlock.minecraft.torch":1,"stat.pickup.minecraft.cobblestone":11,"stat.mobKills":14,"stat.mineBlock.minecraft.log":1,"stat.pickup.minecraft.planks":62,"stat.flyOneCm":49471,"stat.pickup.minecraft.bed":1,"stat.drop":54,"stat.mineBlock.minecraft.leaves":1,"stat.playOneMinute":141432,"stat.pickup.minecraft.torch":1,"stat.useItem.minecraft.stone_pickaxe":17,"stat.sneakTime":241,"stat.useItem.minecraft.stone_sword":15,"stat.damageDealt":4341,"stat.killEntity.Zombie":10,"stat.timeSinceDeath":141432,"stat.drop.minecraft.torch":1,"stat.drop.minecraft.log":34,"stat.mineBlock.minecraft.dirt":7,"stat.drop.mutantbeasts.hulk_hammer":1,"stat.mineBlock.minecraft.stone":13,"stat.killEntity.Pig":3}