{"stat.walkOneCm":25893,"stat.leaveGame":4,"stat.useItem.minecraft.log":1,"stat.damageTaken":20,"stat.mineBlock.minecraft.torch":1,"stat.pickup.minecraft.cobblestone":9,"stat.mobKills":3,"stat.mineBlock.minecraft.coal_ore":4,"stat.mineBlock.minecraft.log":1,"stat.flyOneCm":15817,"stat.drop.minecraft.cooked_porkchop":17,"stat.drop":52,"stat.jump":145,"stat.playOneMinute":129863,"stat.pickup.minecraft.coal":4,"stat.fallOneCm":3768,"stat.pickup.minecraft.torch":1,"stat.useItem.minecraft.stone_pickaxe":17,"stat.sneakTime":168,"stat.useItem.minecraft.stone_axe":6,"stat.damageDealt":300,"stat.pickup.minecraft.porkchop":8,"stat.crouchOneCm":159,"stat.timeSinceDeath":129863,"stat.drop.minecraft.torch":1,"stat.pickup.minecraft.dirt":7,"stat.drop.minecraft.log":34,"stat.mineBlock.minecraft.dirt":7,"stat.sprintOneCm":18447,"stat.useItem.minecraft.stone_slab2":5,"stat.mineBlock.minecraft.stone":13,"stat.killEntity.Pig":3}