{"stat.chestOpened":14,"stat.useItem.minecraft.iron_axe":30,"stat.pickup.minecraft.gravel":23,"stat.leaveGame":4,"stat.pickup.minecraft.arrow":8,"stat.pickup.minecraft.iron_sword":4,"stat.pickup.minecraft.flint":3,"stat.craftItem.minecraft.iron_axe":1,"stat.pickup.minecraft.leather_chestplate":5,"stat.pickup.minecraft.obsidian":8,"stat.drop.minecraft.shield":2,"stat.craftItem.spartanweaponry.greatsword_stone":1,"stat.drop.minecraft.cooked_porkchop":17,"stat.jump":2081,"stat.swimOneCm":25134,"stat.pickup.minecraft.coal":44,"stat.fallOneCm":64370,"stat.craftItem.minecraft.shield":6,"stat.pickup.minecraft.iron_ingot":11,"stat.useItem.minecraft.planks":39,"stat.pickup.minecraft.cooked_porkchop":238,"stat.useItem.minecraft.stone_axe":67,"stat.pickup.minecraft.porkchop":249,"stat.pickup.minecraft.gunpowder":1,"stat.craftItem.minecraft.bread":3,"stat.crouchOneCm":3959,"stat.pickup.minecraft.blaze_powder":4,"stat.pickup.minecraft.spider_eye":1,"stat.craftItem.minecraft.iron_ingot":35,"stat.craftItem.minecraft.torch":4,"stat.craftItem.minecraft.chest":8,"stat.pickup.minecraft.dirt":245,"stat.useItem.minecraft.dirt":2,"stat.useItem.minecraft.stone_slab2":29,"stat.pickup.minecraft.iron_ore":37,"stat.craftingTableInteraction":25,"stat.pickup.minecraft.rotten_flesh":19,"stat.pickup.minecraft.sand":2,"stat.craftItem.minecraft.furnace":2,"stat.pickup.minecraft.iron_axe":4,"stat.craftItem.minecraft.iron_boots":1,"stat.damageTaken":5886,"stat.pickup.minecraft.leather":35,"stat.mineBlock.minecraft.torch":3,"stat.mineBlock.minecraft.red_flower":7,"stat.craftItem.minecraft.cooked_beef":16,"stat.pickup.spartanweaponry.greatsword_stone":5,"stat.pickup.minecraft.cobblestone":65,"stat.craftItem.spartanweaponry.katana_iron":1,"stat.pickup.minecraft.magma_cream":4,"stat.useItem.spartanweaponry.greatsword_stone":87,"stat.pickup.spartanweaponry.katana_iron":5,"stat.pickup.minecraft.leather_boots":1,"stat.pickup.minecraft.dye":3,"stat.pickup.minecraft.planks":441,"stat.pickup.minecraft.reeds":2,"stat.useItem.spartanweaponry.caestus":2,"stat.flyOneCm":382628,"stat.pickup.minecraft.bed":3,"stat.pickup.minecraft.glass_bottle":1,"stat.pickup.mowziesmobs.barakoa_mask_misery":2,"stat.pickup.minecraft.wheat_seeds":33,"stat.killEntity.Witch":1,"stat.pickup.spartanweaponry.caestus":1,"stat.useItem.minecraft.stone_pickaxe":45,"stat.useItem.minecraft.stone_sword":154,"stat.craftItem.minecraft.iron_leggings":1,"stat.damageDealt":16182,"stat.mineBlock.minecraft.iron_ore":37,"stat.sleepInBed":2,"stat.timeSinceDeath":45800,"stat.killEntity.Cow":26,"stat.drop.minecraft.log":34,"stat.mineBlock.minecraft.dirt":11,"stat.useItem.minecraft.iron_pickaxe":42,"stat.drop.mutantbeasts.hulk_hammer":1,"stat.killEntity.Pig":28,"stat.pickup.minecraft.mutton":40,"stat.craftItem.minecraft.iron_sword":1,"stat.walkOneCm":321600,"stat.craftItem.minecraft.bed":2,"stat.useItem.minecraft.torch":4,"stat.useItem.minecraft.chest":6,"stat.pickup.minecraft.stick":38,"stat.killEntity.magma_monster":3,"stat.drop.minecraft.rotten_flesh":1,"stat.useItem.minecraft.log":2,"stat.pickup.minecraft.crafting_table":1,"stat.pickup.minecraft.stonebrick":4,"stat.craftItem.minecraft.crafting_table":4,"stat.furnaceInteraction":35,"stat.drop.spartanweaponry.greatsword_stone":1,"stat.useItem.minecraft.gravel":7,"stat.useItem.minecraft.cooked_porkchop":53,"stat.craftItem.spartanweaponry.material":2,"stat.mineBlock.minecraft.coal_ore":4,"stat.pickup.minecraft.shield":2,"stat.killEntity.Creeper":1,"stat.pickup.minecraft.string":4,"stat.pickup.minecraft.log":260,"stat.craftItem.minecraft.wheat":9,"stat.pickup.minecraft.beef":88,"stat.pickup.minecraft.iron_pickaxe":5,"stat.pickup.minecraft.furnace":8,"stat.craftItem.minecraft.stone_slab2":0,"stat.pickup.minecraft.stone":6,"stat.pickup.minecraft.hay_block":1,"stat.craftItem.minecraft.iron_chestplate":1,"stat.pickup.minecraft.chicken":5,"stat.pickup.minecraft.leather_helmet":1,"stat.pickup.minecraft.sapling":6,"stat.killEntity.mutantbeasts.mutant_zombie":1,"stat.sprintOneCm":288673,"stat.entityKilledBy.magma_monster_grunt":1,"stat.craftItem.minecraft.stick":8,"stat.pickup.mutantbeasts.hulk_hammer":2,"stat.killEntity.Skeleton":1,"stat.killEntity.magma_monster_grunt":2,"stat.mineBlock.minecraft.stonebrick":3,"stat.craftItem.minecraft.planks":376,"stat.useItem.minecraft.iron_sword":63,"stat.useItem.mutantbeasts.hulk_hammer":11,"stat.useItem.spartanweaponry.katana_iron":8,"stat.killEntity.Spider":1,"stat.mineBlock.minecraft.crafting_table":1,"stat.pickup.minecraft.stone_sword":4,"stat.mobKills":119,"stat.pickup.minecraft.leather_leggings":3,"stat.mineBlock.minecraft.log":1,"stat.pickup.mowziesmobs.barakoa_mask_bliss":1,"stat.pickup.minecraft.sugar":3,"stat.deaths":5,"stat.mineBlock.minecraft.planks":3,"stat.drop":59,"stat.mineBlock.minecraft.leaves":4,"stat.playOneMinute":214332,"stat.pickup.minecraft.torch":2,"stat.killEntity.Sheep":29,"stat.pickup.minecraft.red_flower":11,"stat.entityKilledBy.mutantbeasts.mutant_creeper":4,"stat.sneakTime":1670,"stat.craftItem.minecraft.iron_pickaxe":1,"stat.pickup.minecraft.wool":38,"stat.killEntity.Zombie":12,"stat.mineBlock.minecraft.hay_block":1,"stat.drop.minecraft.bread":2,"stat.drop.minecraft.torch":1,"stat.mineBlock.minecraft.stone":43,"stat.mineBlock.minecraft.tallgrass":73,"stat.diveOneCm":27222}