{"stat.useItem.minecraft.iron_axe":16,"stat.pickup.minecraft.gravel":23,"stat.leaveGame":4,"stat.pickup.minecraft.arrow":8,"stat.pickup.minecraft.iron_sword":4,"stat.pickup.minecraft.flint":3,"stat.craftItem.minecraft.iron_axe":1,"stat.pickup.minecraft.leather_chestplate":5,"stat.pickup.minecraft.obsidian":8,"stat.craftItem.spartanweaponry.greatsword_stone":1,"stat.drop.minecraft.cooked_porkchop":17,"stat.jump":1272,"stat.swimOneCm":14980,"stat.pickup.minecraft.coal":44,"stat.fallOneCm":40684,"stat.craftItem.minecraft.shield":2,"stat.pickup.minecraft.iron_ingot":11,"stat.useItem.minecraft.planks":1,"stat.pickup.minecraft.cooked_porkchop":238,"stat.useItem.minecraft.stone_axe":67,"stat.pickup.minecraft.porkchop":249,"stat.crouchOneCm":1587,"stat.pickup.minecraft.blaze_powder":4,"stat.pickup.minecraft.spider_eye":1,"stat.craftItem.minecraft.iron_ingot":14,"stat.pickup.minecraft.dirt":234,"stat.useItem.minecraft.dirt":2,"stat.useItem.minecraft.stone_slab2":17,"stat.pickup.minecraft.iron_ore":16,"stat.craftingTableInteraction":13,"stat.pickup.minecraft.rotten_flesh":19,"stat.pickup.minecraft.sand":2,"stat.craftItem.minecraft.furnace":1,"stat.pickup.minecraft.iron_axe":4,"stat.damageTaken":4352,"stat.pickup.minecraft.leather":35,"stat.mineBlock.minecraft.torch":1,"stat.mineBlock.minecraft.red_flower":7,"stat.pickup.spartanweaponry.greatsword_stone":5,"stat.pickup.minecraft.cobblestone":49,"stat.craftItem.spartanweaponry.katana_iron":1,"stat.pickup.minecraft.magma_cream":4,"stat.useItem.spartanweaponry.greatsword_stone":50,"stat.pickup.spartanweaponry.katana_iron":5,"stat.pickup.minecraft.leather_boots":1,"stat.pickup.minecraft.dye":3,"stat.pickup.minecraft.planks":384,"stat.pickup.minecraft.reeds":2,"stat.useItem.spartanweaponry.caestus":2,"stat.flyOneCm":210718,"stat.pickup.minecraft.bed":2,"stat.pickup.minecraft.glass_bottle":1,"stat.pickup.minecraft.wheat_seeds":24,"stat.killEntity.Witch":1,"stat.pickup.spartanweaponry.caestus":1,"stat.useItem.minecraft.stone_pickaxe":45,"stat.useItem.minecraft.stone_sword":154,"stat.damageDealt":14129,"stat.mineBlock.minecraft.iron_ore":16,"stat.sleepInBed":1,"stat.timeSinceDeath":9800,"stat.killEntity.Cow":25,"stat.drop.minecraft.log":34,"stat.mineBlock.minecraft.dirt":7,"stat.drop.mutantbeasts.hulk_hammer":1,"stat.killEntity.Pig":28,"stat.pickup.minecraft.mutton":40,"stat.craftItem.minecraft.iron_sword":1,"stat.walkOneCm":208112,"stat.pickup.minecraft.stick":38,"stat.killEntity.magma_monster":3,"stat.drop.minecraft.rotten_flesh":1,"stat.useItem.minecraft.log":2,"stat.craftItem.minecraft.crafting_table":2,"stat.furnaceInteraction":12,"stat.drop.spartanweaponry.greatsword_stone":1,"stat.useItem.minecraft.gravel":5,"stat.useItem.minecraft.cooked_porkchop":36,"stat.craftItem.spartanweaponry.material":2,"stat.mineBlock.minecraft.coal_ore":4,"stat.pickup.minecraft.shield":2,"stat.pickup.minecraft.string":4,"stat.pickup.minecraft.log":260,"stat.pickup.minecraft.beef":86,"stat.pickup.minecraft.iron_pickaxe":5,"stat.pickup.minecraft.furnace":8,"stat.craftItem.minecraft.stone_slab2":0,"stat.pickup.minecraft.stone":4,"stat.pickup.minecraft.chicken":5,"stat.pickup.minecraft.leather_helmet":1,"stat.pickup.minecraft.sapling":6,"stat.killEntity.mutantbeasts.mutant_zombie":1,"stat.sprintOneCm":192732,"stat.entityKilledBy.magma_monster_grunt":1,"stat.craftItem.minecraft.stick":8,"stat.pickup.mutantbeasts.hulk_hammer":2,"stat.killEntity.Skeleton":1,"stat.killEntity.magma_monster_grunt":2,"stat.craftItem.minecraft.planks":120,"stat.useItem.minecraft.iron_sword":23,"stat.useItem.mutantbeasts.hulk_hammer":11,"stat.useItem.spartanweaponry.katana_iron":5,"stat.killEntity.Spider":1,"stat.pickup.minecraft.stone_sword":4,"stat.mobKills":104,"stat.pickup.minecraft.leather_leggings":3,"stat.mineBlock.minecraft.log":1,"stat.pickup.minecraft.sugar":3,"stat.deaths":5,"stat.drop":55,"stat.mineBlock.minecraft.leaves":1,"stat.playOneMinute":178332,"stat.pickup.minecraft.torch":1,"stat.killEntity.Sheep":29,"stat.pickup.minecraft.red_flower":11,"stat.entityKilledBy.mutantbeasts.mutant_creeper":4,"stat.sneakTime":680,"stat.craftItem.minecraft.iron_pickaxe":1,"stat.pickup.minecraft.wool":38,"stat.killEntity.Zombie":12,"stat.drop.minecraft.torch":1,"stat.mineBlock.minecraft.stone":25,"stat.mineBlock.minecraft.tallgrass":35,"stat.diveOneCm":15792}