{"stat.useItem.minecraft.iron_axe":16,"stat.pickup.minecraft.gravel":13,"stat.leaveGame":4,"stat.pickup.minecraft.arrow":4,"stat.pickup.minecraft.iron_sword":1,"stat.pickup.minecraft.flint":1,"stat.craftItem.minecraft.iron_axe":1,"stat.pickup.minecraft.leather_chestplate":2,"stat.pickup.minecraft.obsidian":4,"stat.craftItem.spartanweaponry.greatsword_stone":1,"stat.drop.minecraft.cooked_porkchop":17,"stat.jump":891,"stat.swimOneCm":8992,"stat.pickup.minecraft.coal":14,"stat.fallOneCm":29414,"stat.craftItem.minecraft.shield":2,"stat.pickup.minecraft.iron_ingot":5,"stat.pickup.minecraft.cooked_porkchop":108,"stat.useItem.minecraft.stone_axe":67,"stat.pickup.minecraft.porkchop":179,"stat.crouchOneCm":1178,"stat.pickup.minecraft.blaze_powder":2,"stat.pickup.minecraft.spider_eye":1,"stat.craftItem.minecraft.iron_ingot":14,"stat.pickup.minecraft.dirt":139,"stat.useItem.minecraft.stone_slab2":14,"stat.pickup.minecraft.iron_ore":16,"stat.craftingTableInteraction":13,"stat.pickup.minecraft.rotten_flesh":19,"stat.craftItem.minecraft.furnace":1,"stat.pickup.minecraft.iron_axe":1,"stat.damageTaken":3376,"stat.pickup.minecraft.leather":8,"stat.mineBlock.minecraft.torch":1,"stat.mineBlock.minecraft.red_flower":1,"stat.pickup.spartanweaponry.greatsword_stone":2,"stat.pickup.minecraft.cobblestone":35,"stat.craftItem.spartanweaponry.katana_iron":1,"stat.pickup.minecraft.magma_cream":2,"stat.useItem.spartanweaponry.greatsword_stone":5,"stat.pickup.spartanweaponry.katana_iron":2,"stat.pickup.minecraft.leather_boots":1,"stat.pickup.minecraft.planks":230,"stat.flyOneCm":123477,"stat.pickup.minecraft.bed":2,"stat.pickup.minecraft.glass_bottle":1,"stat.pickup.minecraft.wheat_seeds":7,"stat.killEntity.Witch":1,"stat.useItem.minecraft.stone_pickaxe":45,"stat.useItem.minecraft.stone_sword":66,"stat.damageDealt":9101,"stat.mineBlock.minecraft.iron_ore":16,"stat.sleepInBed":1,"stat.timeSinceDeath":0,"stat.killEntity.Cow":4,"stat.drop.minecraft.log":34,"stat.mineBlock.minecraft.dirt":7,"stat.drop.mutantbeasts.hulk_hammer":1,"stat.killEntity.Pig":21,"stat.pickup.minecraft.mutton":4,"stat.craftItem.minecraft.iron_sword":1,"stat.walkOneCm":152297,"stat.pickup.minecraft.stick":36,"stat.killEntity.magma_monster":3,"stat.drop.minecraft.rotten_flesh":1,"stat.useItem.minecraft.log":2,"stat.craftItem.minecraft.crafting_table":2,"stat.furnaceInteraction":9,"stat.drop.spartanweaponry.greatsword_stone":1,"stat.useItem.minecraft.cooked_porkchop":29,"stat.craftItem.spartanweaponry.material":2,"stat.mineBlock.minecraft.coal_ore":4,"stat.pickup.minecraft.string":4,"stat.pickup.minecraft.log":66,"stat.pickup.minecraft.beef":21,"stat.pickup.minecraft.iron_pickaxe":2,"stat.pickup.minecraft.furnace":4,"stat.craftItem.minecraft.stone_slab2":0,"stat.pickup.minecraft.stone":2,"stat.pickup.minecraft.chicken":2,"stat.pickup.minecraft.leather_helmet":1,"stat.pickup.minecraft.sapling":4,"stat.killEntity.mutantbeasts.mutant_zombie":1,"stat.sprintOneCm":139942,"stat.craftItem.minecraft.stick":8,"stat.pickup.mutantbeasts.hulk_hammer":2,"stat.killEntity.Skeleton":1,"stat.killEntity.magma_monster_grunt":2,"stat.craftItem.minecraft.planks":120,"stat.useItem.minecraft.iron_sword":23,"stat.useItem.mutantbeasts.hulk_hammer":11,"stat.useItem.spartanweaponry.katana_iron":5,"stat.killEntity.Spider":1,"stat.pickup.minecraft.stone_sword":1,"stat.mobKills":49,"stat.pickup.minecraft.leather_leggings":1,"stat.mineBlock.minecraft.log":1,"stat.pickup.minecraft.sugar":1,"stat.deaths":3,"stat.drop":55,"stat.mineBlock.minecraft.leaves":1,"stat.playOneMinute":165732,"stat.pickup.minecraft.torch":1,"stat.killEntity.Sheep":2,"stat.pickup.minecraft.red_flower":2,"stat.entityKilledBy.mutantbeasts.mutant_creeper":3,"stat.sneakTime":556,"stat.craftItem.minecraft.iron_pickaxe":1,"stat.pickup.minecraft.wool":6,"stat.killEntity.Zombie":12,"stat.drop.minecraft.torch":1,"stat.mineBlock.minecraft.stone":25,"stat.mineBlock.minecraft.tallgrass":13,"stat.diveOneCm":3736}