{"stat.chestOpened":25,"stat.flowerPotted":1,"stat.walkOneCm":93985,"stat.useItem.minecraft.bread":4,"stat.pickup.minecraft.bone":2,"stat.pickup.minecraft.gravel":1,"stat.pickup.minecraft.iron_sword":2,"stat.pickup.minecraft.arrow":1,"stat.pickup.minecraft.crafting_table":1,"stat.mineBlock.minecraft.cobblestone":2,"stat.useItem.minecraft.cobblestone":7,"stat.pickup.minecraft.stone_pickaxe":1,"stat.pickup.minecraft.stonebrick":9,"stat.furnaceInteraction":9,"stat.craftItem.minecraft.crafting_table":1,"stat.pickup.minecraft.stone_axe":1,"stat.useItem.minecraft.apple":3,"stat.mineBlock.twilightforest.twilight_plant":2,"stat.mineBlock.minecraft.coal_ore":15,"stat.pickup.minecraft.flower_pot":1,"stat.pickup.twilightforest.torchberries":1,"stat.pickup.minecraft.log":4,"stat.jump":224,"stat.swimOneCm":221,"stat.pickup.minecraft.coal":35,"stat.fallOneCm":3751,"stat.pickup.minecraft.iron_ingot":24,"stat.climbOneCm":1110,"stat.pickup.minecraft.furnace":2,"stat.entityKilledBy.Skeleton":1,"stat.pickup.minecraft.cooked_porkchop":64,"stat.useItem.minecraft.stone_axe":17,"stat.pickup.minecraft.stone":8,"stat.crouchOneCm":370,"stat.mineBlock.minecraft.chest":1,"stat.pickup.minecraft.sapling":1,"stat.pickup.minecraft.dirt":1,"stat.craftItem.minecraft.iron_helmet":1,"stat.sprintOneCm":96040,"stat.useItem.minecraft.stone_slab2":9,"stat.pickup.minecraft.bow":1,"stat.craftItem.minecraft.stick":12,"stat.craftingTableInteraction":11,"stat.pickup.minecraft.rotten_flesh":3,"stat.killEntity.Skeleton":1,"stat.craftItem.minecraft.furnace":1,"stat.mineBlock.minecraft.stonebrick":9,"stat.craftItem.minecraft.planks":16,"stat.useItem.minecraft.iron_sword":3,"stat.craftItem.minecraft.stone_axe":1,"stat.damageTaken":504,"stat.mineBlock.minecraft.crafting_table":1,"stat.pickup.minecraft.bread":3,"stat.pickup.minecraft.stone_sword":1,"stat.pickup.minecraft.bucket":2,"stat.craftItem.minecraft.stone_pickaxe":1,"stat.mineBlock.minecraft.furnace":2,"stat.mineBlock.minecraft.torch":1,"stat.useItem.minecraft.wooden_pickaxe":11,"stat.dispenserInspected":3,"stat.pickup.minecraft.cobblestone":26,"stat.mobKills":2,"stat.useItem.minecraft.stonebrick":4,"stat.mineBlock.minecraft.log":4,"stat.craftItem.minecraft.wooden_door":3,"stat.pickup.minecraft.leather_boots":1,"stat.pickup.minecraft.planks":36,"stat.useItem.minecraft.wooden_door":1,"stat.flyOneCm":22101,"stat.pickup.minecraft.bed":1,"stat.mineBlock.minecraft.planks":18,"stat.deaths":1,"stat.pickup.minecraft.diamond":1,"stat.drop":1,"stat.playOneMinute":75296,"stat.pickup.minecraft.torch":1,"stat.useItem.minecraft.stone_pickaxe":52,"stat.sneakTime":44,"stat.useItem.minecraft.stone_sword":10,"stat.craftItem.minecraft.iron_leggings":1,"stat.damageDealt":451,"stat.killEntity.Zombie":2,"stat.timeSinceDeath":3222,"stat.hopperInspected":1,"stat.drop.minecraft.diamond":1,"stat.mineBlock.minecraft.dirt":1,"stat.craftItem.minecraft.wooden_pickaxe":1,"stat.mineBlock.minecraft.stone":33,"stat.pickup.minecraft.chest":1}