{"stat.chestOpened":15,"stat.flyOneCm":13320,"stat.mineBlock.minecraft.planks":7,"stat.walkOneCm":39367,"stat.useItem.minecraft.bread":4,"stat.jump":105,"stat.swimOneCm":221,"stat.playOneMinute":14096,"stat.fallOneCm":1753,"stat.sneakTime":5,"stat.damageTaken":210,"stat.furnaceInteraction":1,"stat.craftItem.minecraft.crafting_table":1,"stat.crouchOneCm":57,"stat.timeSinceDeath":14096,"stat.useItem.minecraft.apple":3,"stat.hopperInspected":1,"stat.sprintOneCm":51939,"stat.useItem.minecraft.stone_slab2":1,"stat.craftItem.minecraft.wooden_pickaxe":1,"stat.pickup.minecraft.planks":7,"stat.craftingTableInteraction":2}