{"stat.chestOpened":26,"stat.pickup.minecraft.bone":4,"stat.craftItem.twilightforest.canopy_planks":16,"stat.killEntity.twilightforest.tiny_bird":1,"stat.pickup.minecraft.gravel":1,"stat.pickup.minecraft.iron_sword":3,"stat.pickup.minecraft.arrow":3,"stat.mineBlock.minecraft.cobblestone":23,"stat.pickup.minecraft.stone_pickaxe":2,"stat.pickup.minecraft.stone_axe":2,"stat.useItem.minecraft.apple":3,"stat.mineBlock.twilightforest.twilight_plant":6,"stat.pickup.twilightforest.etched_nagastone":19,"stat.pickup.minecraft.gold_nugget":1,"stat.pickup.minecraft.flower_pot":1,"stat.pickup.twilightforest.torchberries":1,"stat.pickup.minecraft.stone_brick_stairs":19,"stat.jump":514,"stat.swimOneCm":221,"stat.pickup.minecraft.coal":55,"stat.pickup.minecraft.iron_helmet":1,"stat.fallOneCm":9182,"stat.pickup.minecraft.iron_ingot":24,"stat.climbOneCm":2592,"stat.pickup.minecraft.cooked_porkchop":127,"stat.pickup.minecraft.carrot":3,"stat.useItem.minecraft.stone_axe":25,"stat.crouchOneCm":1442,"stat.mineBlock.minecraft.chest":1,"stat.pickup.twilightforest.twilight_plant":2,"stat.pickup.minecraft.dirt":17,"stat.craftItem.minecraft.iron_helmet":1,"stat.useItem.minecraft.dirt":8,"stat.useItem.minecraft.stone_slab2":13,"stat.pickup.minecraft.bow":2,"stat.craftingTableInteraction":11,"stat.entityKilledBy.twilightforest.kobold":1,"stat.pickup.minecraft.iron_ore":2,"stat.pickup.minecraft.rotten_flesh":5,"stat.craftItem.minecraft.furnace":1,"stat.craftItem.minecraft.stone_axe":1,"stat.damageTaken":1268,"stat.pickup.minecraft.cobblestone_wall":6,"stat.pickup.minecraft.bucket":4,"stat.craftItem.minecraft.stone_pickaxe":1,"stat.mineBlock.minecraft.furnace":2,"stat.mineBlock.minecraft.torch":4,"stat.pickup.minecraft.written_book":2,"stat.mineBlock.twilightforest.spiral_bricks":1,"stat.useItem.minecraft.wooden_pickaxe":11,"stat.dispenserInspected":3,"stat.pickup.minecraft.cobblestone":60,"stat.pickup.minecraft.leather_boots":2,"stat.pickup.twilightforest.canopy_planks":14,"stat.mineBlock.twilightforest.twilight_log":7,"stat.pickup.twilightforest.etched_nagastone_mossy":1,"stat.pickup.minecraft.planks":36,"stat.useItem.twilightforest.canopy_planks":2,"stat.pickup.minecraft.iron_leggings":1,"stat.flyOneCm":48352,"stat.pickup.minecraft.bed":1,"stat.pickup.minecraft.potato":3,"stat.killEntity.twilightforest.kobold":2,"stat.useItem.minecraft.stone_pickaxe":89,"stat.pickup.minecraft.cactus":2,"stat.useItem.minecraft.stone_sword":12,"stat.craftItem.minecraft.iron_leggings":1,"stat.mineBlock.twilightforest.nagastone_pillar":1,"stat.damageDealt":908,"stat.drop.twilightforest.torchberries":1,"stat.mineBlock.minecraft.iron_ore":2,"stat.pickup.twilightforest.twilight_log":6,"stat.timeSinceDeath":15416,"stat.hopperInspected":1,"stat.drop.minecraft.diamond":1,"stat.mineBlock.minecraft.dirt":18,"stat.craftItem.minecraft.wooden_pickaxe":1,"stat.pickup.twilightforest.iron_ladder":2,"stat.pickup.minecraft.mutton":4,"stat.flowerPotted":1,"stat.walkOneCm":224469,"stat.useItem.minecraft.bread":4,"stat.useItem.minecraft.torch":2,"stat.trappedChestTriggered":1,"stat.pickup.twilightforest.nagastone_pillar":10,"stat.pickup.minecraft.crafting_table":1,"stat.useItem.minecraft.cobblestone":17,"stat.pickup.minecraft.stonebrick":52,"stat.craftItem.minecraft.crafting_table":1,"stat.furnaceInteraction":9,"stat.useItem.minecraft.cooked_porkchop":7,"stat.mineBlock.minecraft.coal_ore":15,"stat.pickup.minecraft.log":4,"stat.pickup.minecraft.furnace":2,"stat.entityKilledBy.Skeleton":1,"stat.pickup.minecraft.stone":14,"stat.pickup.twilightforest.spiral_bricks":25,"stat.useItem.minecraft.written_book":1,"stat.pickup.minecraft.sapling":1,"stat.sprintOneCm":220346,"stat.craftItem.minecraft.stick":12,"stat.useItem.twilightforest.iron_ladder":1,"stat.killEntity.Skeleton":1,"stat.pickup.twilightforest.nagastone_pillar_weathered":4,"stat.mineBlock.twilightforest.naga_stone":3,"stat.mineBlock.minecraft.stonebrick":9,"stat.craftItem.minecraft.planks":16,"stat.useItem.minecraft.iron_sword":14,"stat.pickup.minecraft.stone_stairs":4,"stat.mineBlock.minecraft.crafting_table":1,"stat.killEntity.twilightforest.bighorn_sheep":1,"stat.pickup.minecraft.stone_sword":2,"stat.pickup.minecraft.bread":3,"stat.mobKills":7,"stat.useItem.minecraft.stonebrick":4,"stat.craftItem.minecraft.wooden_door":3,"stat.mineBlock.minecraft.log":4,"stat.useItem.minecraft.wooden_door":1,"stat.drop.minecraft.written_book":1,"stat.mineBlock.minecraft.planks":18,"stat.deaths":2,"stat.pickup.minecraft.diamond":1,"stat.drop":3,"stat.mineBlock.minecraft.leaves":1,"stat.playOneMinute":99596,"stat.pickup.minecraft.torch":6,"stat.sneakTime":388,"stat.pickup.minecraft.wool":2,"stat.pickup.twilightforest.nagastone_pillar_mossy":9,"stat.killEntity.Zombie":3,"stat.mineBlock.minecraft.stone":33,"stat.pickup.minecraft.chest":1,"stat.pickup.minecraft.wheat":2}