{"stat.chestOpened":22,"stat.flowerPotted":1,"stat.walkOneCm":58448,"stat.useItem.minecraft.bread":4,"stat.pickup.minecraft.crafting_table":1,"stat.useItem.minecraft.cobblestone":7,"stat.furnaceInteraction":8,"stat.craftItem.minecraft.crafting_table":1,"stat.useItem.minecraft.apple":3,"stat.mineBlock.minecraft.coal_ore":15,"stat.pickup.minecraft.flower_pot":1,"stat.pickup.minecraft.log":4,"stat.jump":133,"stat.swimOneCm":221,"stat.pickup.minecraft.coal":15,"stat.fallOneCm":1753,"stat.pickup.minecraft.furnace":2,"stat.useItem.minecraft.stone_axe":17,"stat.pickup.minecraft.stone":3,"stat.crouchOneCm":57,"stat.mineBlock.minecraft.chest":1,"stat.pickup.minecraft.sapling":1,"stat.sprintOneCm":72121,"stat.useItem.minecraft.stone_slab2":9,"stat.craftItem.minecraft.stick":12,"stat.craftingTableInteraction":10,"stat.craftItem.minecraft.furnace":1,"stat.craftItem.minecraft.planks":16,"stat.craftItem.minecraft.stone_axe":1,"stat.damageTaken":210,"stat.mineBlock.minecraft.crafting_table":1,"stat.pickup.minecraft.bread":3,"stat.craftItem.minecraft.stone_pickaxe":1,"stat.mineBlock.minecraft.furnace":2,"stat.mineBlock.minecraft.torch":1,"stat.useItem.minecraft.wooden_pickaxe":11,"stat.pickup.minecraft.cobblestone":25,"stat.mineBlock.minecraft.log":4,"stat.craftItem.minecraft.wooden_door":3,"stat.pickup.minecraft.planks":36,"stat.useItem.minecraft.wooden_door":1,"stat.flyOneCm":15240,"stat.pickup.minecraft.bed":1,"stat.mineBlock.minecraft.planks":18,"stat.playOneMinute":26696,"stat.pickup.minecraft.torch":1,"stat.useItem.minecraft.stone_pickaxe":36,"stat.sneakTime":5,"stat.timeSinceDeath":26696,"stat.hopperInspected":1,"stat.craftItem.minecraft.wooden_pickaxe":1,"stat.mineBlock.minecraft.stone":28,"stat.pickup.minecraft.chest":1}