{"stat.useItem.minecraft.stone":3,"stat.leaveGame":3,"stat.pickup.minecraft.gravel":36,"stat.pickup.minecraft.stone_pickaxe":2,"stat.pickup.minecraft.leather_chestplate":3,"stat.jump":467,"stat.swimOneCm":1977,"stat.pickup.minecraft.coal":222,"stat.fallOneCm":9704,"stat.pickup.minecraft.cooked_porkchop":20,"stat.pickup.minecraft.porkchop":18,"stat.pickup.minecraft.spider_eye":1,"stat.entityKilledBy.mutantbeasts.mutant_zombie":2,"stat.pickup.minecraft.dirt":26,"stat.useItem.minecraft.dirt":12,"stat.useItem.minecraft.stone_slab2":7,"stat.craftingTableInteraction":4,"stat.pickup.minecraft.rotten_flesh":2,"stat.mineBlock.minecraft.log2":7,"stat.damageTaken":1199,"stat.craftItem.minecraft.stone_pickaxe":1,"stat.pickup.minecraft.cobblestone":7,"stat.pickup.minecraft.leather_boots":3,"stat.pickup.minecraft.log2":27,"stat.pickup.minecraft.planks":128,"stat.craftItem.minecraft.stone_sword":1,"stat.flyOneCm":19879,"stat.pickup.minecraft.bed":1,"stat.pickup.minecraft.wheat_seeds":3,"stat.mineBlock.minecraft.gravel":13,"stat.useItem.minecraft.stone_pickaxe":81,"stat.useItem.minecraft.stone_sword":52,"stat.damageDealt":2738,"stat.sleepInBed":1,"stat.timeSinceDeath":3308,"stat.mineBlock.minecraft.dirt":16,"stat.killEntity.Pig":9,"stat.pickup.minecraft.mutton":18,"stat.walkOneCm":129188,"stat.craftItem.minecraft.bed":1,"stat.pickup.minecraft.stick":70,"stat.pickup.minecraft.crafting_table":3,"stat.craftItem.minecraft.crafting_table":1,"stat.useItem.minecraft.cooked_porkchop":6,"stat.mineBlock.minecraft.coal_ore":74,"stat.pickup.minecraft.log":48,"stat.pickup.minecraft.string":2,"stat.pickup.minecraft.stone":4,"stat.pickup.minecraft.chicken":1,"stat.pickup.minecraft.leather_helmet":3,"stat.pickup.minecraft.sapling":5,"stat.sprintOneCm":59716,"stat.pickup.minecraft.apple":3,"stat.craftItem.minecraft.stick":40,"stat.craftItem.minecraft.wooden_axe":1,"stat.pickup.mutantbeasts.hulk_hammer":1,"stat.craftItem.minecraft.planks":156,"stat.killEntity.Chicken":1,"stat.useItem.mutantbeasts.hulk_hammer":10,"stat.mineBlock.minecraft.crafting_table":3,"stat.killEntity.Spider":2,"stat.pickup.minecraft.stone_sword":2,"stat.mobKills":18,"stat.pickup.minecraft.leather_leggings":1,"stat.mineBlock.minecraft.log":7,"stat.deaths":2,"stat.mineBlock.minecraft.leaves":17,"stat.pickup.minecraft.egg":3,"stat.playOneMinute":85150,"stat.pickup.minecraft.torch":1,"stat.killEntity.Sheep":4,"stat.pickup.minecraft.red_flower":6,"stat.sneakTime":14,"stat.pickup.minecraft.wool":6,"stat.killEntity.Zombie":2,"stat.useItem.minecraft.wooden_axe":35,"stat.mineBlock.minecraft.stone":7,"stat.mineBlock.minecraft.tallgrass":1,"stat.diveOneCm":766}