{"stat.useItem.minecraft.stone":3,"stat.leaveGame":3,"stat.pickup.minecraft.gravel":36,"stat.pickup.minecraft.stone_pickaxe":2,"stat.pickup.minecraft.leather_chestplate":3,"stat.jump":563,"stat.swimOneCm":1977,"stat.pickup.minecraft.coal":222,"stat.fallOneCm":11748,"stat.craftItem.minecraft.shield":1,"stat.pickup.minecraft.cooked_porkchop":20,"stat.pickup.minecraft.porkchop":18,"stat.crouchOneCm":93,"stat.pickup.minecraft.spider_eye":1,"stat.craftItem.minecraft.iron_ingot":2,"stat.entityKilledBy.mutantbeasts.mutant_zombie":2,"stat.pickup.minecraft.dirt":26,"stat.useItem.minecraft.dirt":12,"stat.useItem.minecraft.stone_slab2":9,"stat.craftingTableInteraction":11,"stat.pickup.minecraft.rotten_flesh":2,"stat.craftItem.minecraft.furnace":1,"stat.mineBlock.minecraft.log2":7,"stat.damageTaken":1389,"stat.craftItem.minecraft.stone_pickaxe":1,"stat.pickup.spartanweaponry.greatsword_stone":1,"stat.pickup.minecraft.cobblestone":18,"stat.useItem.spartanweaponry.greatsword_stone":1,"stat.pickup.minecraft.leather_boots":3,"stat.pickup.minecraft.log2":27,"stat.pickup.minecraft.planks":128,"stat.craftItem.minecraft.stone_sword":1,"stat.flyOneCm":29666,"stat.pickup.minecraft.bed":1,"stat.pickup.minecraft.wheat_seeds":3,"stat.pickup.minecraft.rabbit_hide":1,"stat.mineBlock.minecraft.gravel":13,"stat.useItem.minecraft.stone_pickaxe":91,"stat.pickup.minecraft.cactus":8,"stat.useItem.minecraft.stone_sword":52,"stat.damageDealt":2753,"stat.killEntity.Rabbit":1,"stat.sleepInBed":1,"stat.timeSinceDeath":15908,"stat.mineBlock.minecraft.dirt":16,"stat.killEntity.Pig":9,"stat.pickup.minecraft.mutton":18,"stat.walkOneCm":149352,"stat.craftItem.minecraft.bed":1,"stat.pickup.minecraft.stick":70,"stat.pickup.minecraft.crafting_table":3,"stat.craftItem.minecraft.crafting_table":1,"stat.furnaceInteraction":7,"stat.drop.spartanweaponry.greatsword_stone":1,"stat.useItem.minecraft.cooked_porkchop":7,"stat.mineBlock.minecraft.coal_ore":74,"stat.pickup.minecraft.rabbit_foot":1,"stat.pickup.minecraft.log":48,"stat.pickup.minecraft.string":4,"stat.useItem.minecraft.cooked_mutton":3,"stat.pickup.minecraft.stone":4,"stat.pickup.minecraft.chicken":1,"stat.pickup.minecraft.leather_helmet":3,"stat.pickup.minecraft.sapling":5,"stat.sprintOneCm":86486,"stat.pickup.minecraft.apple":3,"stat.craftItem.minecraft.stick":40,"stat.craftItem.minecraft.wooden_axe":1,"stat.pickup.mutantbeasts.hulk_hammer":1,"stat.mineBlock.minecraft.cactus":4,"stat.killEntity.magma_monster_grunt":1,"stat.craftItem.minecraft.planks":156,"stat.killEntity.Chicken":1,"stat.useItem.mutantbeasts.hulk_hammer":24,"stat.mineBlock.minecraft.crafting_table":3,"stat.killEntity.Spider":2,"stat.pickup.minecraft.stone_sword":2,"stat.mobKills":21,"stat.pickup.minecraft.leather_leggings":1,"stat.mineBlock.minecraft.log":7,"stat.deaths":2,"stat.drop":3,"stat.mineBlock.minecraft.leaves":18,"stat.pickup.minecraft.egg":3,"stat.playOneMinute":97750,"stat.pickup.minecraft.torch":1,"stat.drop.minecraft.string":2,"stat.killEntity.Sheep":4,"stat.pickup.minecraft.red_flower":6,"stat.sneakTime":42,"stat.pickup.minecraft.wool":6,"stat.pickup.minecraft.rabbit":1,"stat.killEntity.Zombie":3,"stat.useItem.minecraft.wooden_axe":35,"stat.mineBlock.minecraft.stone":17,"stat.mineBlock.minecraft.tallgrass":1,"stat.craftItem.minecraft.cooked_mutton":6,"stat.diveOneCm":766}