{"stat.walkOneCm":22302,"stat.leaveGame":2,"stat.pickup.minecraft.gravel":2,"stat.pickup.minecraft.crafting_table":1,"stat.craftItem.minecraft.crafting_table":1,"stat.pickup.minecraft.leather_chestplate":1,"stat.mineBlock.minecraft.coal_ore":27,"stat.pickup.minecraft.log":39,"stat.jump":114,"stat.pickup.minecraft.coal":27,"stat.fallOneCm":2251,"stat.pickup.minecraft.cooked_porkchop":17,"stat.pickup.minecraft.chicken":1,"stat.pickup.minecraft.leather_helmet":1,"stat.pickup.minecraft.dirt":15,"stat.useItem.minecraft.dirt":12,"stat.sprintOneCm":6709,"stat.useItem.minecraft.stone_slab2":1,"stat.craftItem.minecraft.stick":40,"stat.craftItem.minecraft.wooden_axe":1,"stat.craftingTableInteraction":2,"stat.craftItem.minecraft.planks":156,"stat.killEntity.Chicken":1,"stat.mineBlock.minecraft.crafting_table":1,"stat.damageTaken":20,"stat.craftItem.minecraft.stone_pickaxe":1,"stat.pickup.minecraft.cobblestone":4,"stat.mobKills":1,"stat.pickup.minecraft.leather_leggings":1,"stat.mineBlock.minecraft.log":4,"stat.pickup.minecraft.leather_boots":1,"stat.flyOneCm":2471,"stat.pickup.minecraft.wheat_seeds":1,"stat.mineBlock.minecraft.leaves":6,"stat.pickup.minecraft.egg":1,"stat.playOneMinute":61220,"stat.pickup.minecraft.torch":1,"stat.mineBlock.minecraft.gravel":3,"stat.useItem.minecraft.stone_pickaxe":27,"stat.sneakTime":14,"stat.damageDealt":40,"stat.timeSinceDeath":61220,"stat.useItem.minecraft.wooden_axe":3,"stat.mineBlock.minecraft.dirt":15,"stat.mineBlock.minecraft.tallgrass":1}