{"stat.cakeSlicesEaten":4,"stat.pickup.minecraft.bone":9,"stat.leaveGame":5,"stat.mineBlock.minecraft.pumpkin":1,"stat.mineBlock.minecraft.cobblestone":5,"stat.pickup.minecraft.stone_pickaxe":9,"stat.pickup.minecraft.leather_chestplate":11,"stat.swimOneCm":25578,"stat.craftItem.minecraft.shield":1,"stat.useItem.minecraft.planks":115,"stat.pickup.minecraft.enchanted_book":1,"stat.pickup.minecraft.cooked_porkchop":175,"stat.pickup.minecraft.porkchop":97,"stat.entityKilledBy.mutantbeasts.mutant_zombie":2,"stat.useItem.minecraft.dirt":104,"stat.useItem.minecraft.stone_slab2":32,"stat.pickup.minecraft.bow":8,"stat.pickup.minecraft.iron_boots":1,"stat.pickup.minecraft.rotten_flesh":15,"stat.pickup.minecraft.sand":34,"stat.craftItem.minecraft.furnace":1,"stat.useItem.minecraft.egg":1,"stat.craftItem.minecraft.iron_boots":1,"stat.craftItem.minecraft.stone_pickaxe":2,"stat.pickup.spartanweaponry.greatsword_stone":3,"stat.pickup.minecraft.cobblestone":62,"stat.pickup.spartanweaponry.katana_iron":1,"stat.pickup.minecraft.leather_boots":6,"stat.craftItem.spartanweaponry.caestus":1,"stat.craftItem.minecraft.stone_sword":1,"stat.flyOneCm":164115,"stat.pickup.minecraft.sandstone":5,"stat.pickup.minecraft.glass_bottle":1,"stat.pickup.mowziesmobs.barakoa_mask_misery":3,"stat.pickup.spartanweaponry.caestus":3,"stat.pickup.minecraft.cactus":24,"stat.mineBlock.minecraft.iron_ore":38,"stat.timeSinceDeath":27597,"stat.drop.spartanweaponry.katana_iron":1,"stat.drop.spartanweaponry.caestus":1,"stat.hopperInspected":1,"stat.useItem.minecraft.iron_pickaxe":47,"stat.pickup.minecraft.mutton":18,"stat.craftItem.minecraft.bed":1,"stat.pickup.minecraft.chainmail_helmet":2,"stat.pickup.minecraft.nether_wart":2,"stat.pickup.minecraft.stonebrick":40,"stat.furnaceInteraction":26,"stat.drop.spartanweaponry.greatsword_stone":2,"stat.pickup.minecraft.spruce_fence":3,"stat.useItem.minecraft.cooked_porkchop":21,"stat.craftItem.spartanweaponry.material":4,"stat.mineBlock.minecraft.coal_ore":76,"stat.pickup.minecraft.shield":8,"stat.killEntity.Creeper":1,"stat.pickup.minecraft.string":9,"stat.useItem.minecraft.cooked_mutton":6,"stat.pickup.minecraft.furnace":6,"stat.pickup.minecraft.leather_helmet":5,"stat.useItem.minecraft.written_book":1,"stat.sprintOneCm":510720,"stat.pickup.minecraft.paper":5,"stat.craftItem.minecraft.stick":40,"stat.craftItem.minecraft.wooden_axe":1,"stat.killEntity.Horse":1,"stat.pickup.minecraft.potion":3,"stat.mineBlock.minecraft.crafting_table":5,"stat.pickup.minecraft.leather_leggings":6,"stat.useItem.spartanweaponry.halberd_iron":46,"stat.pickup.spartanweaponry.halberd_iron":6,"stat.deaths":10,"stat.mineBlock.minecraft.planks":4,"stat.drop":7,"stat.pickup.minecraft.egg":5,"stat.playOneMinute":215428,"stat.drop.minecraft.string":2,"stat.killEntity.Sheep":4,"stat.entityKilledBy.mutantbeasts.mutant_creeper":2,"stat.killEntity.Zombie":10,"stat.pickup.minecraft.iron_bars":10,"stat.mineBlock.minecraft.tallgrass":36,"stat.craftItem.minecraft.cooked_mutton":6,"stat.diveOneCm":39883,"stat.pickup.minecraft.cooked_mutton":4,"stat.chestOpened":48,"stat.pickup.minecraft.pumpkin":1,"stat.useItem.minecraft.stone":3,"stat.killEntity.mutantbeasts.creeper_minion":1,"stat.pickup.minecraft.gravel":61,"stat.pickup.minecraft.arrow":2,"stat.pickup.minecraft.iron_sword":1,"stat.craftItem.minecraft.cooked_porkchop":68,"stat.pickup.minecraft.stone_axe":1,"stat.jump":1790,"stat.pickup.minecraft.coal":416,"stat.fallOneCm":38462,"stat.pickup.minecraft.iron_ingot":60,"stat.pickup.minecraft.gunpowder":6,"stat.crouchOneCm":93,"stat.pickup.minecraft.spider_eye":7,"stat.craftItem.minecraft.iron_ingot":14,"stat.craftItem.minecraft.torch":24,"stat.pickup.minecraft.dirt":227,"stat.useItem.minecraft.cooked_chicken":3,"stat.craftingTableInteraction":23,"stat.pickup.minecraft.iron_ore":44,"stat.dropperInspected":2,"stat.mineBlock.minecraft.iron_bars":1,"stat.pickup.minecraft.cookie":2,"stat.mineBlock.minecraft.log2":7,"stat.damageTaken":4852,"stat.pickup.minecraft.leather":11,"stat.mineBlock.minecraft.furnace":4,"stat.mineBlock.minecraft.torch":6,"stat.useItem.minecraft.furnace":2,"stat.pickup.minecraft.magma_cream":1,"stat.useItem.spartanweaponry.greatsword_stone":1,"stat.pickup.minecraft.log2":45,"stat.pickup.minecraft.planks":317,"stat.pickup.minecraft.reeds":10,"stat.mineBlock.minecraft.spruce_fence":3,"stat.pickup.minecraft.iron_leggings":1,"stat.pickup.minecraft.bed":1,"stat.pickup.minecraft.wheat_seeds":18,"stat.pickup.minecraft.potato":1,"stat.pickup.minecraft.rabbit_hide":3,"stat.entityKilledBy.Zombie":2,"stat.mineBlock.minecraft.gravel":14,"stat.useItem.minecraft.stone_pickaxe":178,"stat.useItem.minecraft.stone_sword":96,"stat.damageDealt":6828,"stat.killEntity.Rabbit":1,"stat.sleepInBed":3,"stat.mineBlock.minecraft.dirt":47,"stat.useItem.minecraft.crafting_table":1,"stat.killEntity.Pig":12,"stat.pickup.minecraft.chainmail_boots":1,"stat.craftItem.minecraft.iron_sword":1,"stat.walkOneCm":495739,"stat.useItem.minecraft.torch":68,"stat.useItem.minecraft.bread":1,"stat.pickup.minecraft.stick":140,"stat.pickup.minecraft.crafting_table":7,"stat.useItem.minecraft.cobblestone":16,"stat.craftItem.minecraft.crafting_table":1,"stat.pickup.minecraft.rabbit_foot":3,"stat.pickup.minecraft.log":85,"stat.pickup.minecraft.iron_pickaxe":1,"stat.pickup.minecraft.stone":9,"stat.pickup.minecraft.chicken":1,"stat.pickup.minecraft.sapling":16,"stat.pickup.minecraft.apple":5,"stat.pickup.mutantbeasts.hulk_hammer":1,"stat.killEntity.Skeleton":3,"stat.mineBlock.minecraft.cactus":4,"stat.killEntity.magma_monster_grunt":3,"stat.mineBlock.minecraft.stonebrick":43,"stat.craftItem.minecraft.planks":208,"stat.useItem.minecraft.iron_sword":55,"stat.killEntity.Chicken":1,"stat.useItem.mutantbeasts.hulk_hammer":24,"stat.killEntity.Spider":5,"stat.pickup.minecraft.stone_sword":9,"stat.pickup.minecraft.bread":2,"stat.mobKills":47,"stat.useItem.minecraft.stonebrick":19,"stat.mineBlock.minecraft.log":7,"stat.craftItem.spartanweaponry.halberd_iron":1,"stat.drop.minecraft.leather_leggings":1,"stat.mineBlock.minecraft.leaves":18,"stat.pickup.minecraft.torch":61,"stat.pickup.minecraft.red_flower":10,"stat.sneakTime":94,"stat.pickup.minecraft.wool":6,"stat.pickup.minecraft.rabbit":3,"stat.useItem.minecraft.wooden_axe":35,"stat.mineBlock.minecraft.stone":48}