{"stat.leaveGame":4,"stat.pickup.minecraft.stone_pickaxe":4,"stat.pickup.minecraft.leather_chestplate":5,"stat.swimOneCm":12936,"stat.craftItem.minecraft.shield":1,"stat.useItem.minecraft.planks":115,"stat.pickup.minecraft.cooked_porkchop":20,"stat.pickup.minecraft.porkchop":81,"stat.entityKilledBy.mutantbeasts.mutant_zombie":2,"stat.useItem.minecraft.dirt":104,"stat.useItem.minecraft.stone_slab2":17,"stat.pickup.minecraft.bow":2,"stat.pickup.minecraft.rotten_flesh":5,"stat.pickup.minecraft.sand":34,"stat.craftItem.minecraft.furnace":1,"stat.useItem.minecraft.egg":1,"stat.craftItem.minecraft.stone_pickaxe":1,"stat.pickup.spartanweaponry.greatsword_stone":2,"stat.pickup.minecraft.cobblestone":34,"stat.pickup.spartanweaponry.katana_iron":1,"stat.pickup.minecraft.leather_boots":5,"stat.craftItem.spartanweaponry.caestus":1,"stat.craftItem.minecraft.stone_sword":1,"stat.flyOneCm":84477,"stat.pickup.minecraft.sandstone":5,"stat.pickup.spartanweaponry.caestus":3,"stat.pickup.minecraft.cactus":24,"stat.mineBlock.minecraft.iron_ore":4,"stat.timeSinceDeath":35225,"stat.drop.spartanweaponry.katana_iron":1,"stat.drop.spartanweaponry.caestus":1,"stat.pickup.minecraft.mutton":18,"stat.craftItem.minecraft.bed":1,"stat.pickup.minecraft.stonebrick":15,"stat.furnaceInteraction":13,"stat.drop.spartanweaponry.greatsword_stone":2,"stat.useItem.minecraft.cooked_porkchop":13,"stat.mineBlock.minecraft.coal_ore":74,"stat.pickup.minecraft.shield":2,"stat.killEntity.Creeper":1,"stat.pickup.minecraft.string":4,"stat.useItem.minecraft.cooked_mutton":6,"stat.pickup.minecraft.furnace":6,"stat.pickup.minecraft.leather_helmet":5,"stat.sprintOneCm":253224,"stat.craftItem.minecraft.stick":40,"stat.craftItem.minecraft.wooden_axe":1,"stat.mineBlock.minecraft.crafting_table":5,"stat.pickup.minecraft.leather_leggings":1,"stat.deaths":4,"stat.mineBlock.minecraft.planks":2,"stat.drop":6,"stat.pickup.minecraft.egg":5,"stat.playOneMinute":144418,"stat.drop.minecraft.string":2,"stat.killEntity.Sheep":4,"stat.entityKilledBy.mutantbeasts.mutant_creeper":2,"stat.killEntity.Zombie":4,"stat.mineBlock.minecraft.tallgrass":35,"stat.craftItem.minecraft.cooked_mutton":6,"stat.diveOneCm":8837,"stat.pickup.minecraft.cooked_mutton":4,"stat.useItem.minecraft.stone":3,"stat.killEntity.mutantbeasts.creeper_minion":1,"stat.pickup.minecraft.gravel":61,"stat.pickup.minecraft.arrow":1,"stat.craftItem.minecraft.cooked_porkchop":27,"stat.jump":1148,"stat.pickup.minecraft.coal":414,"stat.fallOneCm":25014,"stat.pickup.minecraft.iron_ingot":2,"stat.pickup.minecraft.gunpowder":6,"stat.crouchOneCm":93,"stat.pickup.minecraft.spider_eye":3,"stat.craftItem.minecraft.iron_ingot":2,"stat.craftItem.minecraft.torch":24,"stat.pickup.minecraft.dirt":222,"stat.craftingTableInteraction":14,"stat.pickup.minecraft.iron_ore":4,"stat.mineBlock.minecraft.log2":7,"stat.damageTaken":2713,"stat.pickup.minecraft.leather":7,"stat.mineBlock.minecraft.furnace":4,"stat.useItem.minecraft.furnace":1,"stat.useItem.spartanweaponry.greatsword_stone":1,"stat.pickup.minecraft.log2":45,"stat.pickup.minecraft.planks":309,"stat.pickup.minecraft.reeds":10,"stat.pickup.minecraft.bed":1,"stat.pickup.minecraft.wheat_seeds":12,"stat.pickup.minecraft.potato":1,"stat.pickup.minecraft.rabbit_hide":3,"stat.mineBlock.minecraft.gravel":13,"stat.useItem.minecraft.stone_pickaxe":121,"stat.useItem.minecraft.stone_sword":83,"stat.damageDealt":3774,"stat.killEntity.Rabbit":1,"stat.sleepInBed":1,"stat.mineBlock.minecraft.dirt":42,"stat.killEntity.Pig":9,"stat.walkOneCm":263996,"stat.useItem.minecraft.torch":9,"stat.pickup.minecraft.stick":140,"stat.pickup.minecraft.crafting_table":7,"stat.useItem.minecraft.cobblestone":12,"stat.craftItem.minecraft.crafting_table":1,"stat.pickup.minecraft.rabbit_foot":3,"stat.pickup.minecraft.log":55,"stat.pickup.minecraft.stone":9,"stat.pickup.minecraft.chicken":1,"stat.pickup.minecraft.sapling":16,"stat.pickup.minecraft.apple":5,"stat.pickup.mutantbeasts.hulk_hammer":1,"stat.killEntity.Skeleton":2,"stat.mineBlock.minecraft.cactus":4,"stat.killEntity.magma_monster_grunt":1,"stat.mineBlock.minecraft.stonebrick":16,"stat.craftItem.minecraft.planks":208,"stat.killEntity.Chicken":1,"stat.useItem.mutantbeasts.hulk_hammer":24,"stat.killEntity.Spider":2,"stat.pickup.minecraft.stone_sword":4,"stat.mobKills":28,"stat.useItem.minecraft.stonebrick":3,"stat.mineBlock.minecraft.log":7,"stat.mineBlock.minecraft.leaves":18,"stat.pickup.minecraft.torch":3,"stat.pickup.minecraft.red_flower":10,"stat.sneakTime":94,"stat.pickup.minecraft.wool":6,"stat.pickup.minecraft.rabbit":3,"stat.useItem.minecraft.wooden_axe":35,"stat.mineBlock.minecraft.stone":22}