{"stat.walkOneCm":71311,"stat.craftItem.minecraft.bed":1,"stat.useItem.minecraft.stone":3,"stat.leaveGame":2,"stat.pickup.minecraft.gravel":12,"stat.pickup.minecraft.crafting_table":2,"stat.craftItem.minecraft.crafting_table":1,"stat.useItem.minecraft.cooked_porkchop":1,"stat.pickup.minecraft.leather_chestplate":1,"stat.mineBlock.minecraft.coal_ore":74,"stat.pickup.minecraft.log":42,"stat.jump":267,"stat.swimOneCm":1977,"stat.pickup.minecraft.coal":74,"stat.fallOneCm":4862,"stat.pickup.minecraft.cooked_porkchop":17,"stat.pickup.minecraft.porkchop":15,"stat.pickup.minecraft.stone":4,"stat.pickup.minecraft.chicken":1,"stat.pickup.minecraft.leather_helmet":1,"stat.pickup.minecraft.sapling":1,"stat.pickup.minecraft.dirt":25,"stat.useItem.minecraft.dirt":12,"stat.sprintOneCm":23832,"stat.useItem.minecraft.stone_slab2":5,"stat.pickup.minecraft.apple":1,"stat.craftItem.minecraft.stick":40,"stat.craftItem.minecraft.wooden_axe":1,"stat.craftingTableInteraction":3,"stat.craftItem.minecraft.planks":156,"stat.killEntity.Chicken":1,"stat.mineBlock.minecraft.log2":7,"stat.mineBlock.minecraft.crafting_table":2,"stat.damageTaken":67,"stat.craftItem.minecraft.stone_pickaxe":1,"stat.pickup.minecraft.cobblestone":7,"stat.mobKills":13,"stat.pickup.minecraft.leather_leggings":1,"stat.mineBlock.minecraft.log":7,"stat.pickup.minecraft.leather_boots":1,"stat.pickup.minecraft.log2":9,"stat.flyOneCm":5081,"stat.pickup.minecraft.bed":1,"stat.pickup.minecraft.wheat_seeds":1,"stat.mineBlock.minecraft.leaves":16,"stat.pickup.minecraft.egg":1,"stat.playOneMinute":73820,"stat.pickup.minecraft.torch":1,"stat.mineBlock.minecraft.gravel":13,"stat.useItem.minecraft.stone_pickaxe":81,"stat.killEntity.Sheep":4,"stat.pickup.minecraft.red_flower":2,"stat.sneakTime":14,"stat.pickup.minecraft.wool":4,"stat.damageDealt":1230,"stat.sleepInBed":1,"stat.killEntity.Zombie":1,"stat.timeSinceDeath":73820,"stat.useItem.minecraft.wooden_axe":35,"stat.mineBlock.minecraft.dirt":15,"stat.killEntity.Pig":7,"stat.mineBlock.minecraft.stone":7,"stat.mineBlock.minecraft.tallgrass":1,"stat.pickup.minecraft.mutton":6,"stat.diveOneCm":766}