{"stat.useItem.minecraft.stone":3,"stat.killEntity.mutantbeasts.creeper_minion":1,"stat.leaveGame":3,"stat.pickup.minecraft.gravel":61,"stat.craftItem.minecraft.cooked_porkchop":27,"stat.pickup.minecraft.stone_pickaxe":4,"stat.pickup.minecraft.leather_chestplate":5,"stat.jump":827,"stat.swimOneCm":3268,"stat.pickup.minecraft.coal":414,"stat.fallOneCm":18221,"stat.craftItem.minecraft.shield":1,"stat.pickup.minecraft.iron_ingot":2,"stat.useItem.minecraft.planks":2,"stat.pickup.minecraft.cooked_porkchop":20,"stat.pickup.minecraft.porkchop":81,"stat.pickup.minecraft.gunpowder":6,"stat.crouchOneCm":93,"stat.pickup.minecraft.spider_eye":3,"stat.craftItem.minecraft.iron_ingot":2,"stat.entityKilledBy.mutantbeasts.mutant_zombie":2,"stat.pickup.minecraft.dirt":192,"stat.useItem.minecraft.dirt":12,"stat.useItem.minecraft.stone_slab2":10,"stat.pickup.minecraft.bow":2,"stat.craftingTableInteraction":13,"stat.pickup.minecraft.rotten_flesh":3,"stat.pickup.minecraft.sand":32,"stat.craftItem.minecraft.furnace":1,"stat.mineBlock.minecraft.log2":7,"stat.damageTaken":2348,"stat.pickup.minecraft.leather":7,"stat.craftItem.minecraft.stone_pickaxe":1,"stat.mineBlock.minecraft.furnace":4,"stat.useItem.minecraft.furnace":1,"stat.pickup.spartanweaponry.greatsword_stone":2,"stat.pickup.minecraft.cobblestone":29,"stat.useItem.spartanweaponry.greatsword_stone":1,"stat.pickup.spartanweaponry.katana_iron":1,"stat.pickup.minecraft.leather_boots":5,"stat.pickup.minecraft.log2":45,"stat.pickup.minecraft.planks":308,"stat.craftItem.spartanweaponry.caestus":1,"stat.craftItem.minecraft.stone_sword":1,"stat.flyOneCm":64140,"stat.pickup.minecraft.bed":1,"stat.pickup.minecraft.sandstone":5,"stat.pickup.minecraft.wheat_seeds":6,"stat.pickup.minecraft.potato":1,"stat.pickup.minecraft.rabbit_hide":3,"stat.mineBlock.minecraft.gravel":13,"stat.pickup.spartanweaponry.caestus":3,"stat.useItem.minecraft.stone_pickaxe":96,"stat.pickup.minecraft.cactus":24,"stat.useItem.minecraft.stone_sword":63,"stat.damageDealt":3245,"stat.killEntity.Rabbit":1,"stat.sleepInBed":1,"stat.timeSinceDeath":12857,"stat.drop.spartanweaponry.katana_iron":1,"stat.drop.spartanweaponry.caestus":1,"stat.mineBlock.minecraft.dirt":16,"stat.killEntity.Pig":9,"stat.pickup.minecraft.mutton":18,"stat.walkOneCm":186143,"stat.craftItem.minecraft.bed":1,"stat.pickup.minecraft.stick":140,"stat.pickup.minecraft.crafting_table":6,"stat.craftItem.minecraft.crafting_table":1,"stat.furnaceInteraction":11,"stat.drop.spartanweaponry.greatsword_stone":2,"stat.useItem.minecraft.cooked_porkchop":9,"stat.mineBlock.minecraft.coal_ore":74,"stat.pickup.minecraft.rabbit_foot":3,"stat.pickup.minecraft.shield":2,"stat.killEntity.Creeper":1,"stat.pickup.minecraft.log":55,"stat.pickup.minecraft.string":4,"stat.useItem.minecraft.cooked_mutton":6,"stat.pickup.minecraft.furnace":6,"stat.pickup.minecraft.stone":9,"stat.pickup.minecraft.chicken":1,"stat.pickup.minecraft.leather_helmet":5,"stat.pickup.minecraft.sapling":15,"stat.sprintOneCm":188592,"stat.pickup.minecraft.apple":5,"stat.craftItem.minecraft.stick":40,"stat.craftItem.minecraft.wooden_axe":1,"stat.pickup.mutantbeasts.hulk_hammer":1,"stat.killEntity.Skeleton":1,"stat.mineBlock.minecraft.cactus":4,"stat.killEntity.magma_monster_grunt":1,"stat.craftItem.minecraft.planks":156,"stat.killEntity.Chicken":1,"stat.useItem.mutantbeasts.hulk_hammer":24,"stat.mineBlock.minecraft.crafting_table":4,"stat.killEntity.Spider":2,"stat.pickup.minecraft.stone_sword":4,"stat.mobKills":25,"stat.pickup.minecraft.leather_leggings":1,"stat.mineBlock.minecraft.log":7,"stat.deaths":4,"stat.mineBlock.minecraft.planks":1,"stat.drop":6,"stat.mineBlock.minecraft.leaves":18,"stat.pickup.minecraft.egg":5,"stat.playOneMinute":122050,"stat.pickup.minecraft.torch":1,"stat.drop.minecraft.string":2,"stat.killEntity.Sheep":4,"stat.pickup.minecraft.red_flower":10,"stat.entityKilledBy.mutantbeasts.mutant_creeper":2,"stat.sneakTime":94,"stat.pickup.minecraft.wool":6,"stat.pickup.minecraft.rabbit":3,"stat.killEntity.Zombie":3,"stat.useItem.minecraft.wooden_axe":35,"stat.mineBlock.minecraft.stone":17,"stat.mineBlock.minecraft.tallgrass":2,"stat.craftItem.minecraft.cooked_mutton":6,"stat.diveOneCm":5974,"stat.pickup.minecraft.cooked_mutton":4}