{"stat.useItem.minecraft.stone":3,"stat.leaveGame":3,"stat.pickup.minecraft.gravel":48,"stat.pickup.minecraft.stone_pickaxe":3,"stat.pickup.minecraft.leather_chestplate":4,"stat.jump":684,"stat.swimOneCm":1977,"stat.pickup.minecraft.coal":350,"stat.fallOneCm":15560,"stat.craftItem.minecraft.shield":1,"stat.pickup.minecraft.iron_ingot":1,"stat.useItem.minecraft.planks":2,"stat.pickup.minecraft.cooked_porkchop":20,"stat.pickup.minecraft.porkchop":21,"stat.pickup.minecraft.gunpowder":2,"stat.crouchOneCm":93,"stat.pickup.minecraft.spider_eye":2,"stat.craftItem.minecraft.iron_ingot":2,"stat.entityKilledBy.mutantbeasts.mutant_zombie":2,"stat.pickup.minecraft.dirt":66,"stat.useItem.minecraft.dirt":12,"stat.useItem.minecraft.stone_slab2":9,"stat.pickup.minecraft.bow":1,"stat.craftingTableInteraction":13,"stat.pickup.minecraft.rotten_flesh":2,"stat.pickup.minecraft.sand":5,"stat.craftItem.minecraft.furnace":1,"stat.mineBlock.minecraft.log2":7,"stat.damageTaken":2106,"stat.pickup.minecraft.leather":3,"stat.craftItem.minecraft.stone_pickaxe":1,"stat.mineBlock.minecraft.furnace":2,"stat.pickup.spartanweaponry.greatsword_stone":1,"stat.pickup.minecraft.cobblestone":21,"stat.useItem.spartanweaponry.greatsword_stone":1,"stat.pickup.minecraft.leather_boots":4,"stat.pickup.minecraft.log2":36,"stat.pickup.minecraft.planks":187,"stat.craftItem.spartanweaponry.caestus":1,"stat.craftItem.minecraft.stone_sword":1,"stat.flyOneCm":41738,"stat.pickup.minecraft.bed":1,"stat.pickup.minecraft.wheat_seeds":4,"stat.pickup.minecraft.rabbit_hide":2,"stat.mineBlock.minecraft.gravel":13,"stat.pickup.spartanweaponry.caestus":1,"stat.useItem.minecraft.stone_pickaxe":93,"stat.pickup.minecraft.cactus":16,"stat.useItem.minecraft.stone_sword":62,"stat.damageDealt":3191,"stat.killEntity.Rabbit":1,"stat.sleepInBed":1,"stat.timeSinceDeath":257,"stat.mineBlock.minecraft.dirt":16,"stat.killEntity.Pig":9,"stat.pickup.minecraft.mutton":18,"stat.walkOneCm":168207,"stat.craftItem.minecraft.bed":1,"stat.pickup.minecraft.stick":105,"stat.pickup.minecraft.crafting_table":5,"stat.craftItem.minecraft.crafting_table":1,"stat.furnaceInteraction":7,"stat.drop.spartanweaponry.greatsword_stone":1,"stat.useItem.minecraft.cooked_porkchop":7,"stat.mineBlock.minecraft.coal_ore":74,"stat.pickup.minecraft.rabbit_foot":2,"stat.pickup.minecraft.shield":1,"stat.killEntity.Creeper":1,"stat.pickup.minecraft.log":51,"stat.pickup.minecraft.string":4,"stat.useItem.minecraft.cooked_mutton":5,"stat.pickup.minecraft.furnace":2,"stat.pickup.minecraft.stone":4,"stat.pickup.minecraft.chicken":1,"stat.pickup.minecraft.leather_helmet":4,"stat.pickup.minecraft.sapling":10,"stat.sprintOneCm":118387,"stat.pickup.minecraft.apple":4,"stat.craftItem.minecraft.stick":40,"stat.craftItem.minecraft.wooden_axe":1,"stat.pickup.mutantbeasts.hulk_hammer":1,"stat.killEntity.Skeleton":1,"stat.mineBlock.minecraft.cactus":4,"stat.killEntity.magma_monster_grunt":1,"stat.craftItem.minecraft.planks":156,"stat.killEntity.Chicken":1,"stat.useItem.mutantbeasts.hulk_hammer":24,"stat.mineBlock.minecraft.crafting_table":4,"stat.killEntity.Spider":2,"stat.pickup.minecraft.stone_sword":3,"stat.mobKills":23,"stat.pickup.minecraft.leather_leggings":1,"stat.mineBlock.minecraft.log":7,"stat.deaths":4,"stat.mineBlock.minecraft.planks":1,"stat.drop":3,"stat.mineBlock.minecraft.leaves":18,"stat.pickup.minecraft.egg":4,"stat.playOneMinute":109450,"stat.pickup.minecraft.torch":1,"stat.drop.minecraft.string":2,"stat.killEntity.Sheep":4,"stat.pickup.minecraft.red_flower":8,"stat.entityKilledBy.mutantbeasts.mutant_creeper":2,"stat.sneakTime":94,"stat.pickup.minecraft.wool":6,"stat.pickup.minecraft.rabbit":2,"stat.killEntity.Zombie":3,"stat.useItem.minecraft.wooden_axe":35,"stat.mineBlock.minecraft.stone":17,"stat.mineBlock.minecraft.tallgrass":1,"stat.craftItem.minecraft.cooked_mutton":6,"stat.diveOneCm":766,"stat.pickup.minecraft.cooked_mutton":3}